{"request001":{"relevance":{"docid_0":0.800000011920929,"docid_1":0.20000000298023224,"docid_2":1.0},"result":true},"request002":{"relevance":{"docid_0":0.6000000238418579,"docid_1":0.4000000059604645,"docid_2":1.0},"result":true},"request003":{"docid_0":1.0,"result":true}}